<galaxy>
	<star name="Sol" temp="100" x="0" y="0" size="1.0" numPlanets="0" numGasGiants="0" >
		<planet name="Earth" DIMID="0" dimMapping="">
			<isKnown>true</isKnown>
			<fogColor>1.0,1.0,1.0</fogColor>
			<skyColor>1.0,1.0,1.0</skyColor>
			<gravitationalMultiplier>100</gravitationalMultiplier>
			<orbitalDistance>100</orbitalDistance>
			<orbitalPhi>0</orbitalPhi>
			<rotationalPeriod>24000</rotationalPeriod>
			<atmosphereDensity>100</atmosphereDensity>
			<planet name="Luna" DIMID="3">
				<isKnown>false</isKnown>
				<fogColor>1.0,1.0,1.0</fogColor>
				<skyColor>1.0,1.0,1.0</skyColor>
				<gravitationalMultiplier>16</gravitationalMultiplier>
				<orbitalDistance>150</orbitalDistance>
				<orbitalPhi>0</orbitalPhi>
				<rotationalPeriod>128000</rotationalPeriod>
				<atmosphereDensity>0</atmosphereDensity>
				<biomeIds>advancedrocketry:moon,advancedrocketry:moondark</biomeIds>
			</planet>
		</planet>
		<planet name="Sol-17" DIMID="17">
			<isKnown>false</isKnown>
			<fogColor>1.0,1.0,1.0</fogColor>
			<skyColor>0.8,0.6150452,0.880292</skyColor>
			<gravitationalMultiplier>93</gravitationalMultiplier>
			<orbitalDistance>166</orbitalDistance>
			<orbitalPhi>-3</orbitalPhi>
			<rotationalPeriod>29837</rotationalPeriod>
			<atmosphereDensity>136</atmosphereDensity>
			<biomeIds>minecraft:desert_hills</biomeIds>
		</planet>
		<planet name="Sol-18" DIMID="18">
			<isKnown>false</isKnown>
			<fogColor>1.0,1.0,1.0</fogColor>
			<skyColor>0.8,0.66878784,0.85651314</skyColor>
			<gravitationalMultiplier>130</gravitationalMultiplier>
			<orbitalDistance>93</orbitalDistance>
			<orbitalPhi>0</orbitalPhi>
			<rotationalPeriod>10923</rotationalPeriod>
			<atmosphereDensity>73</atmosphereDensity>
			<biomeIds>biomesoplenty:alps,biomesoplenty:meadow,biomesoplenty:origin_beach,minecraft:mutated_extreme_hills_with_trees,biomesoplenty:mountain</biomeIds>
		</planet>
		<planet name="Sol-19" DIMID="19">
			<isKnown>false</isKnown>
			<fogColor>1.0,1.0,1.0</fogColor>
			<skyColor>0.8,0.7509818,0.80483246</skyColor>
			<gravitationalMultiplier>130</gravitationalMultiplier>
			<orbitalDistance>79</orbitalDistance>
			<orbitalPhi>-2</orbitalPhi>
			<rotationalPeriod>10923</rotationalPeriod>
			<atmosphereDensity>69</atmosphereDensity>
			<biomeIds>minecraft:desert_hills</biomeIds>
			<planet name="Sol-19: 0" DIMID="20">
				<isKnown>false</isKnown>
				<fogColor>1.0,1.0,1.0</fogColor>
				<skyColor>0.22959471,0.5707545,1.0</skyColor>
				<gravitationalMultiplier>48</gravitationalMultiplier>
				<orbitalDistance>123</orbitalDistance>
				<orbitalPhi>-2</orbitalPhi>
				<rotationalPeriod>217013</rotationalPeriod>
				<atmosphereDensity>13</atmosphereDensity>
				<biomeIds>advancedrocketry:moon,advancedrocketry:moondark</biomeIds>
			</planet>
		</planet>
		<planet name="Sol-4" DIMID="4">
			<isKnown>false</isKnown>
			<GasGiant>true</GasGiant>
			<gas>oxygen</gas>
			<gas>nitrogen</gas>
			<gas>hydrogen</gas>
			<fogColor>1.0,1.0,1.0</fogColor>
			<skyColor>1.0,1.0,1.0</skyColor>
			<gravitationalMultiplier>112</gravitationalMultiplier>
			<orbitalDistance>200</orbitalDistance>
			<orbitalPhi>0</orbitalPhi>
			<rotationalPeriod>24000</rotationalPeriod>
			<atmosphereDensity>149</atmosphereDensity>
			<planet name="Sol-4: 0" DIMID="5">
				<isKnown>false</isKnown>
				<fogColor>1.0,1.0,1.0</fogColor>
				<skyColor>0.0,0.6699556,1.0</skyColor>
				<gravitationalMultiplier>55</gravitationalMultiplier>
				<orbitalDistance>186</orbitalDistance>
				<orbitalPhi>-3</orbitalPhi>
				<rotationalPeriod>144252</rotationalPeriod>
				<atmosphereDensity>35</atmosphereDensity>
				<seaLevel>67</seaLevel>
				<biomeIds>minecraft:mutated_mesa_rock,minecraft:deep_ocean,minecraft:mutated_desert,biomesoplenty:gravel_beach,minecraft:plains</biomeIds>
			</planet>
		</planet>
		<planet name="Sol-6" DIMID="6">
			<isKnown>false</isKnown>
			<fogColor>1.0,1.0,1.0</fogColor>
			<skyColor>0.8,0.7304603,0.0</skyColor>
			<gravitationalMultiplier>130</gravitationalMultiplier>
			<orbitalDistance>7</orbitalDistance>
			<orbitalPhi>-7</orbitalPhi>
			<rotationalPeriod>10923</rotationalPeriod>
			<atmosphereDensity>193</atmosphereDensity>
			<biomeIds>advancedrocketry:hotdryrock,advancedrocketry:volcanic</biomeIds>
			<oceanBlock>minecraft:lava</oceanBlock>
		</planet>
		<planet name="Sol-7" DIMID="7">
			<isKnown>false</isKnown>
			<fogColor>1.0,1.0,1.0</fogColor>
			<skyColor>0.4170872,0.5133724,1.0</skyColor>
			<gravitationalMultiplier>127</gravitationalMultiplier>
			<orbitalDistance>165</orbitalDistance>
			<orbitalPhi>-3</orbitalPhi>
			<rotationalPeriod>11716</rotationalPeriod>
			<atmosphereDensity>65</atmosphereDensity>
			<biomeIds>biomesoplenty:gravel_beach,biomesoplenty:prairie,biomesoplenty:origin_island,biomesoplenty:marsh,biomesoplenty:redwood_forest_edge</biomeIds>
		</planet>
		<planet name="Sol-8" DIMID="8">
			<isKnown>false</isKnown>
			<fogColor>1.0,1.0,1.0</fogColor>
			<skyColor>0.0,0.92893374,1.0</skyColor>
			<gravitationalMultiplier>130</gravitationalMultiplier>
			<orbitalDistance>189</orbitalDistance>
			<orbitalPhi>-3</orbitalPhi>
			<rotationalPeriod>10923</rotationalPeriod>
			<atmosphereDensity>0</atmosphereDensity>
			<seaLevel>75</seaLevel>
			<biomeIds>advancedrocketry:moon,advancedrocketry:moondark</biomeIds>
			<planet name="Sol-8: 0" DIMID="9">
				<isKnown>false</isKnown>
				<fogColor>1.0,1.0,1.0</fogColor>
				<skyColor>0.30377454,0.8513424,1.0</skyColor>
				<gravitationalMultiplier>60</gravitationalMultiplier>
				<orbitalDistance>143</orbitalDistance>
				<orbitalPhi>0</orbitalPhi>
				<rotationalPeriod>111111</rotationalPeriod>
				<atmosphereDensity>36</atmosphereDensity>
				<biomeIds>biomesoplenty:white_beach,biomesoplenty:steppe,biomesoplenty:quagmire,biomesoplenty:sacred_springs,biomesoplenty:mystic_grove</biomeIds>
			</planet>
			<oceanBlock>advancedrocketry:oxygenfluid</oceanBlock>
		</planet>
		<planet name="Sol-10" DIMID="10">
			<isKnown>false</isKnown>
			<fogColor>1.0,1.0,1.0</fogColor>
			<skyColor>0.8,0.94212425,0.20653576</skyColor>
			<gravitationalMultiplier>130</gravitationalMultiplier>
			<orbitalDistance>102</orbitalDistance>
			<orbitalPhi>-5</orbitalPhi>
			<rotationalPeriod>10923</rotationalPeriod>
			<atmosphereDensity>156</atmosphereDensity>
			<biomeIds>biomesoplenty:oasis,minecraft:jungle_hills,advancedrocketry:marsh,minecraft:savanna,minecraft:mutated_jungle_edge,advancedrocketry:deepswamp,advancedrocketry:stormland</biomeIds>
			<planet name="Sol-10: 0" DIMID="11">
				<isKnown>false</isKnown>
				<fogColor>1.0,1.0,1.0</fogColor>
				<skyColor>0.22062117,0.55025595,1.0</skyColor>
				<gravitationalMultiplier>47</gravitationalMultiplier>
				<orbitalDistance>145</orbitalDistance>
				<orbitalPhi>-4</orbitalPhi>
				<rotationalPeriod>231162</rotationalPeriod>
				<atmosphereDensity>28</atmosphereDensity>
				<biomeIds>biomesoplenty:tropical_rainforest,minecraft:mutated_redwood_taiga,biomesoplenty:overgrown_cliffs,minecraft:mutated_mesa_clear_rock,biomesoplenty:redwood_forest</biomeIds>
			</planet>
			<planet name="Sol-10: 1" DIMID="12">
				<isKnown>false</isKnown>
				<fogColor>1.0,1.0,1.0</fogColor>
				<skyColor>0.0,0.9550349,1.0</skyColor>
				<gravitationalMultiplier>46</gravitationalMultiplier>
				<orbitalDistance>190</orbitalDistance>
				<orbitalPhi>-2</orbitalPhi>
				<rotationalPeriod>246568</rotationalPeriod>
				<atmosphereDensity>17</atmosphereDensity>
				<biomeIds>advancedrocketry:moon,advancedrocketry:moondark</biomeIds>
			</planet>
			<planet name="Sol-10: 2" DIMID="13">
				<isKnown>false</isKnown>
				<fogColor>1.0,1.0,1.0</fogColor>
				<skyColor>0.47109115,0.8855895,1.0</skyColor>
				<gravitationalMultiplier>58</gravitationalMultiplier>
				<orbitalDistance>109</orbitalDistance>
				<orbitalPhi>0</orbitalPhi>
				<rotationalPeriod>116857</rotationalPeriod>
				<atmosphereDensity>32</atmosphereDensity>
				<seaLevel>49</seaLevel>
				<biomeIds>biomesoplenty:kelp_forest,minecraft:mutated_jungle_edge,biomesoplenty:lush_swamp,minecraft:mutated_redwood_taiga,biomesoplenty:phantasmagoric_inferno</biomeIds>
			</planet>
			<oceanBlock>minecraft:lava</oceanBlock>
		</planet>
		<planet name="Sol-14" DIMID="14">
			<isKnown>false</isKnown>
			<fogColor>1.0,1.0,1.0</fogColor>
			<skyColor>0.8,0.56107104,0.13319123</skyColor>
			<gravitationalMultiplier>130</gravitationalMultiplier>
			<orbitalDistance>0</orbitalDistance>
			<orbitalPhi>0</orbitalPhi>
			<rotationalPeriod>10923</rotationalPeriod>
			<atmosphereDensity>75</atmosphereDensity>
			<biomeIds>biomesoplenty:coral_reef,biomesoplenty:corrupted_sands,biomesoplenty:visceral_heap,minecraft:ocean,biomesoplenty:oasis</biomeIds>
			<oceanBlock>minecraft:lava</oceanBlock>
		</planet>
		<planet name="Sol-15" DIMID="15">
			<isKnown>false</isKnown>
			<fogColor>1.0,1.0,1.0</fogColor>
			<skyColor>0.53945255,0.75047314,1.0</skyColor>
			<gravitationalMultiplier>107</gravitationalMultiplier>
			<orbitalDistance>99</orbitalDistance>
			<orbitalPhi>0</orbitalPhi>
			<rotationalPeriod>19591</rotationalPeriod>
			<atmosphereDensity>26</atmosphereDensity>
			<biomeIds>minecraft:ice_flats</biomeIds>
			<planet name="Sol-15: 0" DIMID="16">
				<isKnown>false</isKnown>
				<fogColor>1.0,1.0,1.0</fogColor>
				<skyColor>0.09199566,0.80371535,1.0</skyColor>
				<gravitationalMultiplier>57</gravitationalMultiplier>
				<orbitalDistance>149</orbitalDistance>
				<orbitalPhi>-2</orbitalPhi>
				<rotationalPeriod>129594</rotationalPeriod>
				<atmosphereDensity>18</atmosphereDensity>
				<seaLevel>77</seaLevel>
				<biomeIds>advancedrocketry:moon,advancedrocketry:moondark</biomeIds>
				<oceanBlock>advancedrocketry:oxygenfluid</oceanBlock>
			</planet>
		</planet>
	</star>
	<star name="Wolf 12" temp="10" x="300" y="-200" size="1.0" numPlanets="0" numGasGiants="0" >
		<planet name="Sol-21" DIMID="21">
			<isKnown>false</isKnown>
			<fogColor>1.0,1.0,1.0</fogColor>
			<skyColor>0.8,0.901797,0.06423348</skyColor>
			<gravitationalMultiplier>130</gravitationalMultiplier>
			<orbitalDistance>59</orbitalDistance>
			<orbitalPhi>0</orbitalPhi>
			<rotationalPeriod>10923</rotationalPeriod>
			<atmosphereDensity>138</atmosphereDensity>
			<biomeIds>advancedrocketry:hotdryrock,advancedrocketry:volcanic</biomeIds>
			<oceanBlock>minecraft:lava</oceanBlock>
		</planet>
		<planet name="Sol-22" DIMID="22">
			<isKnown>false</isKnown>
			<fogColor>1.0,1.0,1.0</fogColor>
			<skyColor>0.8,0.9188774,0.5452285</skyColor>
			<gravitationalMultiplier>130</gravitationalMultiplier>
			<orbitalDistance>97</orbitalDistance>
			<orbitalPhi>-1</orbitalPhi>
			<rotationalPeriod>10923</rotationalPeriod>
			<atmosphereDensity>120</atmosphereDensity>
			<biomeIds>minecraft:desert_hills</biomeIds>
			<oceanBlock>minecraft:lava</oceanBlock>
		</planet>
		<planet name="Sol-23" DIMID="23">
			<isKnown>false</isKnown>
			<fogColor>1.0,1.0,1.0</fogColor>
			<skyColor>0.0,0.9256053,1.0</skyColor>
			<gravitationalMultiplier>100</gravitationalMultiplier>
			<orbitalDistance>162</orbitalDistance>
			<orbitalPhi>2</orbitalPhi>
			<rotationalPeriod>24000</rotationalPeriod>
			<atmosphereDensity>0</atmosphereDensity>
			<biomeIds>advancedrocketry:moon,advancedrocketry:moondark</biomeIds>
		</planet>
		<planet name="Sol-24" DIMID="24">
			<isKnown>false</isKnown>
			<fogColor>1.0,1.0,1.0</fogColor>
			<skyColor>0.8,0.9456848,0.100666344</skyColor>
			<gravitationalMultiplier>123</gravitationalMultiplier>
			<orbitalDistance>136</orbitalDistance>
			<orbitalPhi>1</orbitalPhi>
			<rotationalPeriod>12897</rotationalPeriod>
			<atmosphereDensity>200</atmosphereDensity>
			<biomeIds>advancedrocketry:hotdryrock,advancedrocketry:volcanic</biomeIds>
			<planet name="Sol-24: 0" DIMID="25">
				<isKnown>false</isKnown>
				<fogColor>1.0,1.0,1.0</fogColor>
				<skyColor>0.22880566,0.9465273,1.0</skyColor>
				<gravitationalMultiplier>82</gravitationalMultiplier>
				<orbitalDistance>146</orbitalDistance>
				<orbitalPhi>-2</orbitalPhi>
				<rotationalPeriod>43528</rotationalPeriod>
				<atmosphereDensity>34</atmosphereDensity>
				<biomeIds>biomesoplenty:mountain_foothills,biomesoplenty:white_beach,biomesoplenty:origin_beach,biomesoplenty:lavender_fields,biomesoplenty:tropical_rainforest</biomeIds>
			</planet>
			<planet name="Sol-24: 1" DIMID="26">
				<isKnown>false</isKnown>
				<fogColor>1.0,1.0,1.0</fogColor>
				<skyColor>0.45135677,0.5163755,1.0</skyColor>
				<gravitationalMultiplier>61</gravitationalMultiplier>
				<orbitalDistance>101</orbitalDistance>
				<orbitalPhi>-2</orbitalPhi>
				<rotationalPeriod>105735</rotationalPeriod>
				<atmosphereDensity>24</atmosphereDensity>
				<seaLevel>70</seaLevel>
				<biomeIds>advancedrocketry:moon,advancedrocketry:moondark</biomeIds>
			</planet>
			<oceanBlock>minecraft:lava</oceanBlock>
		</planet>
		<planet name="Sol-27" DIMID="27">
			<isKnown>false</isKnown>
			<fogColor>1.0,1.0,1.0</fogColor>
			<skyColor>0.8,0.60663235,0.0</skyColor>
			<gravitationalMultiplier>91</gravitationalMultiplier>
			<orbitalDistance>14</orbitalDistance>
			<orbitalPhi>-1</orbitalPhi>
			<rotationalPeriod>31848</rotationalPeriod>
			<atmosphereDensity>143</atmosphereDensity>
			<biomeIds>advancedrocketry:hotdryrock,advancedrocketry:volcanic</biomeIds>
			<oceanBlock>minecraft:lava</oceanBlock>
		</planet>
	</star>
	<star name="Epsilon ire" temp="170" x="-200" y="80" size="1.0" numPlanets="0" numGasGiants="0" >
		<planet name="Sol-34" DIMID="34">
			<isKnown>false</isKnown>
			<fogColor>1.0,1.0,1.0</fogColor>
			<skyColor>0.8,0.6580564,0.8017571</skyColor>
			<gravitationalMultiplier>114</gravitationalMultiplier>
			<orbitalDistance>167</orbitalDistance>
			<orbitalPhi>0</orbitalPhi>
			<rotationalPeriod>16199</rotationalPeriod>
			<atmosphereDensity>144</atmosphereDensity>
			<biomeIds>minecraft:mushroom_island</biomeIds>
		</planet>
		<planet name="Sol-35" DIMID="35">
			<isKnown>false</isKnown>
			<fogColor>1.0,1.0,1.0</fogColor>
			<skyColor>0.8,0.59745383,0.0</skyColor>
			<gravitationalMultiplier>130</gravitationalMultiplier>
			<orbitalDistance>2</orbitalDistance>
			<orbitalPhi>0</orbitalPhi>
			<rotationalPeriod>10923</rotationalPeriod>
			<atmosphereDensity>114</atmosphereDensity>
			<biomeIds>advancedrocketry:hotdryrock,advancedrocketry:volcanic</biomeIds>
			<planet name="Sol-35: 0" DIMID="36">
				<isKnown>false</isKnown>
				<fogColor>1.0,1.0,1.0</fogColor>
				<skyColor>0.12961608,0.61124766,1.0</skyColor>
				<gravitationalMultiplier>65</gravitationalMultiplier>
				<orbitalDistance>159</orbitalDistance>
				<orbitalPhi>-1</orbitalPhi>
				<rotationalPeriod>87391</rotationalPeriod>
				<atmosphereDensity>21</atmosphereDensity>
				<biomeIds>advancedrocketry:moon,advancedrocketry:moondark</biomeIds>
			</planet>
			<planet name="Sol-35: 1" DIMID="37">
				<isKnown>false</isKnown>
				<fogColor>1.0,1.0,1.0</fogColor>
				<skyColor>0.48382175,0.715574,1.0</skyColor>
				<gravitationalMultiplier>52</gravitationalMultiplier>
				<orbitalDistance>109</orbitalDistance>
				<orbitalPhi>0</orbitalPhi>
				<rotationalPeriod>170687</rotationalPeriod>
				<atmosphereDensity>28</atmosphereDensity>
				<biomeIds>minecraft:plains,biomesoplenty:wasteland,biomesoplenty:grassland,biomesoplenty:phantasmagoric_inferno,minecraft:mutated_plains</biomeIds>
			</planet>
			<planet name="Sol-35: 2" DIMID="38">
				<isKnown>false</isKnown>
				<fogColor>1.0,1.0,1.0</fogColor>
				<skyColor>0.4785598,0.959003,1.0</skyColor>
				<gravitationalMultiplier>52</gravitationalMultiplier>
				<orbitalDistance>116</orbitalDistance>
				<orbitalPhi>-2</orbitalPhi>
				<rotationalPeriod>170687</rotationalPeriod>
				<atmosphereDensity>28</atmosphereDensity>
				<biomeIds>minecraft:mutated_roofed_forest,minecraft:jungle_hills,minecraft:mutated_plains,biomesoplenty:corrupted_sands,biomesoplenty:mystic_grove</biomeIds>
			</planet>
			<oceanBlock>minecraft:lava</oceanBlock>
		</planet>
		<planet name="Sol-39" DIMID="39">
			<isKnown>false</isKnown>
			<fogColor>1.0,1.0,1.0</fogColor>
			<skyColor>0.030358493,0.88993204,1.0</skyColor>
			<gravitationalMultiplier>130</gravitationalMultiplier>
			<orbitalDistance>172</orbitalDistance>
			<orbitalPhi>-6</orbitalPhi>
			<rotationalPeriod>10923</rotationalPeriod>
			<atmosphereDensity>28</atmosphereDensity>
			<biomeIds>biomesoplenty:flower_island,biomesoplenty:brushland,minecraft:mesa_clear_rock,biomesoplenty:mangrove,minecraft:extreme_hills_with_trees</biomeIds>
			<planet name="Sol-39: 0" DIMID="40">
				<isKnown>false</isKnown>
				<fogColor>1.0,1.0,1.0</fogColor>
				<skyColor>0.0072413087,0.6507795,1.0</skyColor>
				<gravitationalMultiplier>54</gravitationalMultiplier>
				<orbitalDistance>190</orbitalDistance>
				<orbitalPhi>0</orbitalPhi>
				<rotationalPeriod>152415</rotationalPeriod>
				<atmosphereDensity>35</atmosphereDensity>
				<biomeIds>minecraft:mutated_desert,minecraft:plains,minecraft:extreme_hills_with_trees,biomesoplenty:grassland,biomesoplenty:phantasmagoric_inferno</biomeIds>
			</planet>
			<planet name="Sol-39: 1" DIMID="41">
				<isKnown>false</isKnown>
				<fogColor>1.0,1.0,1.0</fogColor>
				<skyColor>0.3697279,0.7410288,1.0</skyColor>
				<gravitationalMultiplier>48</gravitationalMultiplier>
				<orbitalDistance>120</orbitalDistance>
				<orbitalPhi>-1</orbitalPhi>
				<rotationalPeriod>217013</rotationalPeriod>
				<atmosphereDensity>19</atmosphereDensity>
				<seaLevel>76</seaLevel>
				<biomeIds>advancedrocketry:moon,advancedrocketry:moondark</biomeIds>
				<oceanBlock>advancedrocketry:oxygenfluid</oceanBlock>
			</planet>
			<planet name="Sol-39: 2" DIMID="42">
				<isKnown>false</isKnown>
				<hasRings>true</hasRings>
				<ringColor>0.0,0.8500227,1.0</ringColor>
				<fogColor>1.0,1.0,1.0</fogColor>
				<skyColor>0.0,0.8500227,1.0</skyColor>
				<gravitationalMultiplier>48</gravitationalMultiplier>
				<orbitalDistance>171</orbitalDistance>
				<orbitalPhi>0</orbitalPhi>
				<rotationalPeriod>217013</rotationalPeriod>
				<atmosphereDensity>13</atmosphereDensity>
				<biomeIds>advancedrocketry:moon,advancedrocketry:moondark</biomeIds>
			</planet>
		</planet>
		<planet name="Sol-43" DIMID="43">
			<isKnown>false</isKnown>
			<fogColor>1.0,1.0,1.0</fogColor>
			<skyColor>0.8,0.63477904,0.0</skyColor>
			<gravitationalMultiplier>116</gravitationalMultiplier>
			<orbitalDistance>102</orbitalDistance>
			<orbitalPhi>-5</orbitalPhi>
			<rotationalPeriod>15375</rotationalPeriod>
			<atmosphereDensity>180</atmosphereDensity>
			<biomeIds>advancedrocketry:hotdryrock,advancedrocketry:volcanic</biomeIds>
			<oceanBlock>minecraft:lava</oceanBlock>
		</planet>
		<planet name="Sol-28" DIMID="28">
			<isKnown>false</isKnown>
			<fogColor>1.0,1.0,1.0</fogColor>
			<skyColor>0.8,0.6138313,0.059654295</skyColor>
			<gravitationalMultiplier>103</gravitationalMultiplier>
			<orbitalDistance>59</orbitalDistance>
			<orbitalPhi>1</orbitalPhi>
			<rotationalPeriod>21963</rotationalPeriod>
			<atmosphereDensity>129</atmosphereDensity>
			<biomeIds>advancedrocketry:hotdryrock,advancedrocketry:volcanic</biomeIds>
			<oceanBlock>minecraft:lava</oceanBlock>
		</planet>
		<planet name="Sol-29" DIMID="29">
			<isKnown>false</isKnown>
			<fogColor>1.0,1.0,1.0</fogColor>
			<skyColor>0.8,0.5120732,0.8228498</skyColor>
			<gravitationalMultiplier>130</gravitationalMultiplier>
			<orbitalDistance>105</orbitalDistance>
			<orbitalPhi>0</orbitalPhi>
			<rotationalPeriod>10923</rotationalPeriod>
			<atmosphereDensity>91</atmosphereDensity>
			<biomeIds>biomesoplenty:flower_field,minecraft:mesa_rock,biomesoplenty:bayou,biomesoplenty:moor,minecraft:mutated_redwood_taiga_hills</biomeIds>
			<planet name="Sol-29: 0" DIMID="30">
				<isKnown>false</isKnown>
				<fogColor>1.0,1.0,1.0</fogColor>
				<skyColor>0.014265358,0.85992,1.0</skyColor>
				<gravitationalMultiplier>69</gravitationalMultiplier>
				<orbitalDistance>181</orbitalDistance>
				<orbitalPhi>1</orbitalPhi>
				<rotationalPeriod>73057</rotationalPeriod>
				<atmosphereDensity>29</atmosphereDensity>
				<biomeIds>advancedrocketry:oceanspires,biomesoplenty:marsh,biomesoplenty:kelp_forest,minecraft:savanna_rock,advancedrocketry:marsh</biomeIds>
			</planet>
		</planet>
		<planet name="Sol-31" DIMID="31">
			<isKnown>false</isKnown>
			<hasRings>true</hasRings>
			<ringColor>0.0,0.923612,1.0</ringColor>
			<fogColor>1.0,1.0,1.0</fogColor>
			<skyColor>0.0,0.923612,1.0</skyColor>
			<gravitationalMultiplier>111</gravitationalMultiplier>
			<orbitalDistance>200</orbitalDistance>
			<orbitalPhi>1</orbitalPhi>
			<rotationalPeriod>17548</rotationalPeriod>
			<atmosphereDensity>0</atmosphereDensity>
			<biomeIds>advancedrocketry:moon,advancedrocketry:moondark</biomeIds>
			<planet name="Sol-31: 0" DIMID="32">
				<isKnown>false</isKnown>
				<fogColor>1.0,1.0,1.0</fogColor>
				<skyColor>0.24786627,0.8965465,1.0</skyColor>
				<gravitationalMultiplier>65</gravitationalMultiplier>
				<orbitalDistance>134</orbitalDistance>
				<orbitalPhi>0</orbitalPhi>
				<rotationalPeriod>87391</rotationalPeriod>
				<atmosphereDensity>21</atmosphereDensity>
				<seaLevel>70</seaLevel>
				<biomeIds>advancedrocketry:moon,advancedrocketry:moondark</biomeIds>
			</planet>
			<planet name="Sol-31: 1" DIMID="33">
				<isKnown>false</isKnown>
				<fogColor>1.0,1.0,1.0</fogColor>
				<skyColor>0.0,0.63594127,1.0</skyColor>
				<gravitationalMultiplier>79</gravitationalMultiplier>
				<orbitalDistance>177</orbitalDistance>
				<orbitalPhi>1</orbitalPhi>
				<rotationalPeriod>48677</rotationalPeriod>
				<atmosphereDensity>18</atmosphereDensity>
				<biomeIds>advancedrocketry:moon,advancedrocketry:moondark</biomeIds>
			</planet>
		</planet>
	</star>
	<star name="Proxima Centaurs" temp="200" x="-150" y="250" size="1.0" numPlanets="0" numGasGiants="0" >
		<planet name="Sol-44" DIMID="44">
			<isKnown>false</isKnown>
			<fogColor>1.0,1.0,1.0</fogColor>
			<skyColor>0.8,0.899127,0.0</skyColor>
			<gravitationalMultiplier>88</gravitationalMultiplier>
			<orbitalDistance>51</orbitalDistance>
			<orbitalPhi>-3</orbitalPhi>
			<rotationalPeriod>35217</rotationalPeriod>
			<atmosphereDensity>154</atmosphereDensity>
			<biomeIds>advancedrocketry:hotdryrock,advancedrocketry:volcanic</biomeIds>
			<oceanBlock>minecraft:lava</oceanBlock>
		</planet>
		<planet name="Sol-45" DIMID="45">
			<isKnown>false</isKnown>
			<fogColor>1.0,1.0,1.0</fogColor>
			<skyColor>0.5785187,0.9193789,1.0</skyColor>
			<gravitationalMultiplier>102</gravitationalMultiplier>
			<orbitalDistance>141</orbitalDistance>
			<orbitalPhi>5</orbitalPhi>
			<rotationalPeriod>22615</rotationalPeriod>
			<atmosphereDensity>64</atmosphereDensity>
			<biomeIds>minecraft:mutated_roofed_forest,advancedrocketry:oceanspires,biomesoplenty:xeric_shrubland,minecraft:mutated_birch_forest,biomesoplenty:cherry_blossom_grove</biomeIds>
		</planet>
		<planet name="Sol-46" DIMID="46">
			<isKnown>false</isKnown>
			<fogColor>1.0,1.0,1.0</fogColor>
			<skyColor>0.0,0.98819566,1.0</skyColor>
			<gravitationalMultiplier>130</gravitationalMultiplier>
			<orbitalDistance>186</orbitalDistance>
			<orbitalPhi>0</orbitalPhi>
			<rotationalPeriod>10923</rotationalPeriod>
			<atmosphereDensity>11</atmosphereDensity>
			<biomeIds>advancedrocketry:moon,advancedrocketry:moondark</biomeIds>
			<planet name="Sol-46: 0" DIMID="47">
				<isKnown>false</isKnown>
				<fogColor>1.0,1.0,1.0</fogColor>
				<skyColor>0.45068634,0.9370529,1.0</skyColor>
				<gravitationalMultiplier>58</gravitationalMultiplier>
				<orbitalDistance>110</orbitalDistance>
				<orbitalPhi>-2</orbitalPhi>
				<rotationalPeriod>116857</rotationalPeriod>
				<atmosphereDensity>22</atmosphereDensity>
				<biomeIds>advancedrocketry:moon,advancedrocketry:moondark</biomeIds>
			</planet>
		</planet>
	</star>
	<star name="Magnis Vulpes" temp="70" x="-150" y="-250" size="1.0" numPlanets="0" numGasGiants="0" >
		<planet name="Sol-48" DIMID="48">
			<isKnown>false</isKnown>
			<fogColor>1.0,1.0,1.0</fogColor>
			<skyColor>0.8,0.55194,0.0</skyColor>
			<gravitationalMultiplier>114</gravitationalMultiplier>
			<orbitalDistance>22</orbitalDistance>
			<orbitalPhi>1</orbitalPhi>
			<rotationalPeriod>16199</rotationalPeriod>
			<atmosphereDensity>179</atmosphereDensity>
			<biomeIds>advancedrocketry:hotdryrock,advancedrocketry:volcanic</biomeIds>
			<oceanBlock>minecraft:lava</oceanBlock>
		</planet>
		<planet name="Sol-49" DIMID="49">
			<isKnown>false</isKnown>
			<fogColor>1.0,1.0,1.0</fogColor>
			<skyColor>0.8,0.73271745,0.57005906</skyColor>
			<gravitationalMultiplier>104</gravitationalMultiplier>
			<orbitalDistance>100</orbitalDistance>
			<orbitalPhi>3</orbitalPhi>
			<rotationalPeriod>21335</rotationalPeriod>
			<atmosphereDensity>114</atmosphereDensity>
			<biomeIds>biomesoplenty:corrupted_sands,biomesoplenty:highland,biomesoplenty:rainforest,minecraft:mutated_redwood_taiga,minecraft:mutated_mesa_clear_rock</biomeIds>
			<planet name="Sol-49: 0" DIMID="50">
				<isKnown>false</isKnown>
				<fogColor>1.0,1.0,1.0</fogColor>
				<skyColor>0.27911162,0.93958944,1.0</skyColor>
				<gravitationalMultiplier>49</gravitationalMultiplier>
				<orbitalDistance>132</orbitalDistance>
				<orbitalPhi>-2</orbitalPhi>
				<rotationalPeriod>203996</rotationalPeriod>
				<atmosphereDensity>26</atmosphereDensity>
				<biomeIds>minecraft:extreme_hills_with_trees,biomesoplenty:rainforest,minecraft:savanna_rock,biomesoplenty:visceral_heap,minecraft:desert_hills</biomeIds>
			</planet>
			<planet name="Sol-49: 1" DIMID="51">
				<isKnown>false</isKnown>
				<fogColor>1.0,1.0,1.0</fogColor>
				<skyColor>0.09601349,0.97438395,1.0</skyColor>
				<gravitationalMultiplier>68</gravitationalMultiplier>
				<orbitalDistance>164</orbitalDistance>
				<orbitalPhi>1</orbitalPhi>
				<rotationalPeriod>76328</rotationalPeriod>
				<atmosphereDensity>33</atmosphereDensity>
				<seaLevel>65</seaLevel>
				<biomeIds>biomesoplenty:mountain_foothills,minecraft:jungle_edge,minecraft:mutated_extreme_hills_with_trees,biomesoplenty:xeric_shrubland,advancedrocketry:oceanspires</biomeIds>
			</planet>
			<oceanBlock>minecraft:lava</oceanBlock>
		</planet>
	</star>
	<star name="Ma-Roo" temp="200" x="50" y="-250" size="1.0" numPlanets="0" numGasGiants="0" >
		<planet name="Sol-64" DIMID="64">
			<isKnown>false</isKnown>
			<fogColor>1.0,1.0,1.0</fogColor>
			<skyColor>0.74953055,0.5600591,1.0</skyColor>
			<gravitationalMultiplier>130</gravitationalMultiplier>
			<orbitalDistance>76</orbitalDistance>
			<orbitalPhi>-4</orbitalPhi>
			<rotationalPeriod>10923</rotationalPeriod>
			<atmosphereDensity>20</atmosphereDensity>
			<biomeIds>advancedrocketry:moon,advancedrocketry:moondark</biomeIds>
			<planet name="Sol-64: 0" DIMID="65">
				<isKnown>false</isKnown>
				<fogColor>1.0,1.0,1.0</fogColor>
				<skyColor>0.0,0.7830726,1.0</skyColor>
				<gravitationalMultiplier>41</gravitationalMultiplier>
				<orbitalDistance>192</orbitalDistance>
				<orbitalPhi>0</orbitalPhi>
				<rotationalPeriod>348224</rotationalPeriod>
				<atmosphereDensity>29</atmosphereDensity>
				<biomeIds>minecraft:beaches,biomesoplenty:outback,minecraft:mutated_swampland,biomesoplenty:coral_reef,minecraft:extreme_hills_with_trees</biomeIds>
			</planet>
			<planet name="Sol-64: 1" DIMID="66">
				<isKnown>false</isKnown>
				<fogColor>1.0,1.0,1.0</fogColor>
				<skyColor>0.0,0.73455894,1.0</skyColor>
				<gravitationalMultiplier>70</gravitationalMultiplier>
				<orbitalDistance>170</orbitalDistance>
				<orbitalPhi>-7</orbitalPhi>
				<rotationalPeriod>69970</rotationalPeriod>
				<atmosphereDensity>23</atmosphereDensity>
				<seaLevel>77</seaLevel>
				<biomeIds>advancedrocketry:moon,advancedrocketry:moondark</biomeIds>
				<oceanBlock>advancedrocketry:oxygenfluid</oceanBlock>
			</planet>
		</planet>
		<planet name="Sol-52" DIMID="52">
			<isKnown>false</isKnown>
			<fogColor>1.0,1.0,1.0</fogColor>
			<skyColor>0.8,0.8254864,0.0</skyColor>
			<gravitationalMultiplier>125</gravitationalMultiplier>
			<orbitalDistance>47</orbitalDistance>
			<orbitalPhi>-4</orbitalPhi>
			<rotationalPeriod>12288</rotationalPeriod>
			<atmosphereDensity>128</atmosphereDensity>
			<seaLevel>73</seaLevel>
			<biomeIds>advancedrocketry:hotdryrock,advancedrocketry:volcanic</biomeIds>
			<oceanBlock>minecraft:lava</oceanBlock>
		</planet>
		<planet name="Sol-53" DIMID="53">
			<isKnown>false</isKnown>
			<fogColor>1.0,1.0,1.0</fogColor>
			<skyColor>0.8,0.50221384,0.5917784</skyColor>
			<gravitationalMultiplier>104</gravitationalMultiplier>
			<orbitalDistance>81</orbitalDistance>
			<orbitalPhi>0</orbitalPhi>
			<rotationalPeriod>21335</rotationalPeriod>
			<atmosphereDensity>90</atmosphereDensity>
			<biomeIds>biomesoplenty:kelp_forest,biomesoplenty:bamboo_forest,biomesoplenty:lush_swamp,minecraft:mutated_roofed_forest,biomesoplenty:highland</biomeIds>
			<planet name="Sol-53: 0" DIMID="54">
				<isKnown>false</isKnown>
				<fogColor>1.0,1.0,1.0</fogColor>
				<skyColor>0.0,0.6905794,1.0</skyColor>
				<gravitationalMultiplier>27</gravitationalMultiplier>
				<orbitalDistance>192</orbitalDistance>
				<orbitalPhi>-3</orbitalPhi>
				<rotationalPeriod>1219326</rotationalPeriod>
				<atmosphereDensity>33</atmosphereDensity>
				<biomeIds>minecraft:roofed_forest,biomesoplenty:mystic_grove,biomesoplenty:xeric_shrubland,biomesoplenty:tropical_rainforest,minecraft:jungle_hills</biomeIds>
			</planet>
			<planet name="Sol-53: 1" DIMID="55">
				<isKnown>false</isKnown>
				<fogColor>1.0,1.0,1.0</fogColor>
				<skyColor>0.46186805,0.5844444,1.0</skyColor>
				<gravitationalMultiplier>52</gravitationalMultiplier>
				<orbitalDistance>102</orbitalDistance>
				<orbitalPhi>-2</orbitalPhi>
				<rotationalPeriod>161206</rotationalPeriod>
				<atmosphereDensity>15</atmosphereDensity>
				<seaLevel>49</seaLevel>
				<biomeIds>advancedrocketry:moon,advancedrocketry:moondark</biomeIds>
				<oceanBlock>advancedrocketry:oxygenfluid</oceanBlock>
			</planet>
			<oceanBlock>minecraft:lava</oceanBlock>
		</planet>
		<planet name="Sol-56" DIMID="56">
			<isKnown>false</isKnown>
			<fogColor>1.0,1.0,1.0</fogColor>
			<skyColor>0.05678767,0.96983874,1.0</skyColor>
			<gravitationalMultiplier>113</gravitationalMultiplier>
			<orbitalDistance>157</orbitalDistance>
			<orbitalPhi>0</orbitalPhi>
			<rotationalPeriod>16633</rotationalPeriod>
			<atmosphereDensity>11</atmosphereDensity>
			<biomeIds>advancedrocketry:moon,advancedrocketry:moondark</biomeIds>
			<planet name="Sol-56: 0" DIMID="57">
				<isKnown>false</isKnown>
				<fogColor>1.0,1.0,1.0</fogColor>
				<skyColor>0.23985893,0.71401906,1.0</skyColor>
				<gravitationalMultiplier>38</gravitationalMultiplier>
				<orbitalDistance>161</orbitalDistance>
				<orbitalPhi>-1</orbitalPhi>
				<rotationalPeriod>437381</rotationalPeriod>
				<atmosphereDensity>32</atmosphereDensity>
				<biomeIds>biomesoplenty:marsh,minecraft:mutated_redwood_taiga_hills,minecraft:mesa,biomesoplenty:redwood_forest_edge,minecraft:extreme_hills</biomeIds>
			</planet>
			<planet name="Sol-56: 1" DIMID="58">
				<isKnown>false</isKnown>
				<fogColor>1.0,1.0,1.0</fogColor>
				<skyColor>0.0,0.94184804,1.0</skyColor>
				<gravitationalMultiplier>31</gravitationalMultiplier>
				<orbitalDistance>189</orbitalDistance>
				<orbitalPhi>-6</orbitalPhi>
				<rotationalPeriod>805612</rotationalPeriod>
				<atmosphereDensity>25</atmosphereDensity>
				<biomeIds>advancedrocketry:moon,advancedrocketry:moondark</biomeIds>
			</planet>
			<planet name="Sol-56: 2" DIMID="59">
				<isKnown>false</isKnown>
				<fogColor>1.0,1.0,1.0</fogColor>
				<skyColor>0.06954223,0.77635634,1.0</skyColor>
				<gravitationalMultiplier>45</gravitationalMultiplier>
				<orbitalDistance>175</orbitalDistance>
				<orbitalPhi>-3</orbitalPhi>
				<rotationalPeriod>263374</rotationalPeriod>
				<atmosphereDensity>27</atmosphereDensity>
				<biomeIds>biomesoplenty:orchard,minecraft:savanna_rock,biomesoplenty:moor,biomesoplenty:highland,minecraft:desert_hills</biomeIds>
			</planet>
		</planet>
		<planet name="Sol-60" DIMID="60">
			<isKnown>false</isKnown>
			<fogColor>1.0,1.0,1.0</fogColor>
			<skyColor>0.8,0.9963516,0.0</skyColor>
			<gravitationalMultiplier>130</gravitationalMultiplier>
			<orbitalDistance>80</orbitalDistance>
			<orbitalPhi>-1</orbitalPhi>
			<rotationalPeriod>10923</rotationalPeriod>
			<atmosphereDensity>169</atmosphereDensity>
			<biomeIds>advancedrocketry:hotdryrock,advancedrocketry:volcanic</biomeIds>
			<planet name="Sol-60: 0" DIMID="61">
				<isKnown>false</isKnown>
				<fogColor>1.0,1.0,1.0</fogColor>
				<skyColor>0.14371473,0.6055262,1.0</skyColor>
				<gravitationalMultiplier>67</gravitationalMultiplier>
				<orbitalDistance>152</orbitalDistance>
				<orbitalPhi>-4</orbitalPhi>
				<rotationalPeriod>79797</rotationalPeriod>
				<atmosphereDensity>25</atmosphereDensity>
				<biomeIds>advancedrocketry:moon,advancedrocketry:moondark</biomeIds>
			</planet>
			<planet name="Sol-60: 1" DIMID="62">
				<isKnown>false</isKnown>
				<fogColor>1.0,1.0,1.0</fogColor>
				<skyColor>0.008982837,0.8002491,1.0</skyColor>
				<gravitationalMultiplier>49</gravitationalMultiplier>
				<orbitalDistance>189</orbitalDistance>
				<orbitalPhi>0</orbitalPhi>
				<rotationalPeriod>203996</rotationalPeriod>
				<atmosphereDensity>31</atmosphereDensity>
				<biomeIds>minecraft:mutated_extreme_hills_with_trees,minecraft:mushroom_island,biomesoplenty:redwood_forest,biomesoplenty:kelp_forest,biomesoplenty:phantasmagoric_inferno</biomeIds>
			</planet>
			<oceanBlock>minecraft:lava</oceanBlock>
		</planet>
		<planet name="Sol-63" DIMID="63">
			<isKnown>false</isKnown>
			<fogColor>1.0,1.0,1.0</fogColor>
			<skyColor>0.8,0.6969593,0.23107219</skyColor>
			<gravitationalMultiplier>104</gravitationalMultiplier>
			<orbitalDistance>35</orbitalDistance>
			<orbitalPhi>0</orbitalPhi>
			<rotationalPeriod>21335</rotationalPeriod>
			<atmosphereDensity>91</atmosphereDensity>
			<biomeIds>biomesoplenty:kelp_forest,biomesoplenty:xeric_shrubland,minecraft:savanna_rock,minecraft:jungle_edge,minecraft:ocean</biomeIds>
			<oceanBlock>minecraft:lava</oceanBlock>
		</planet>
	</star>
	<star name="Alykitt" temp="120" x="75" y="200" size="1.0" numPlanets="0" numGasGiants="0" >
		<planet name="Sol-67" DIMID="67">
			<isKnown>false</isKnown>
			<GasGiant>true</GasGiant>
			<gas>oxygen</gas>
			<gas>nitrogen</gas>
			<gas>hydrogen</gas>
			<fogColor>1.0,1.0,1.0</fogColor>
			<skyColor>1.0,1.0,1.0</skyColor>
			<gravitationalMultiplier>130</gravitationalMultiplier>
			<orbitalDistance>200</orbitalDistance>
			<orbitalPhi>0</orbitalPhi>
			<rotationalPeriod>24000</rotationalPeriod>
			<atmosphereDensity>150</atmosphereDensity>
		</planet>
		<planet name="Sol-68" DIMID="68">
			<isKnown>false</isKnown>
			<fogColor>1.0,1.0,1.0</fogColor>
			<skyColor>0.8,0.9021647,0.087821245</skyColor>
			<gravitationalMultiplier>130</gravitationalMultiplier>
			<orbitalDistance>67</orbitalDistance>
			<orbitalPhi>5</orbitalPhi>
			<rotationalPeriod>10923</rotationalPeriod>
			<atmosphereDensity>145</atmosphereDensity>
			<biomeIds>advancedrocketry:hotdryrock,advancedrocketry:volcanic</biomeIds>
			<oceanBlock>minecraft:lava</oceanBlock>
		</planet>
		<planet name="Sol-69" DIMID="69">
			<isKnown>false</isKnown>
			<fogColor>1.0,1.0,1.0</fogColor>
			<skyColor>0.71653306,0.52356887,1.0</skyColor>
			<gravitationalMultiplier>130</gravitationalMultiplier>
			<orbitalDistance>142</orbitalDistance>
			<orbitalPhi>1</orbitalPhi>
			<rotationalPeriod>10923</rotationalPeriod>
			<atmosphereDensity>77</atmosphereDensity>
			<biomeIds>minecraft:ice_flats</biomeIds>
			<planet name="Sol-69: 0" DIMID="70">
				<isKnown>false</isKnown>
				<fogColor>1.0,1.0,1.0</fogColor>
				<skyColor>0.106273174,0.81470513,1.0</skyColor>
				<gravitationalMultiplier>82</gravitationalMultiplier>
				<orbitalDistance>165</orbitalDistance>
				<orbitalPhi>0</orbitalPhi>
				<rotationalPeriod>43528</rotationalPeriod>
				<atmosphereDensity>32</atmosphereDensity>
				<biomeIds>biomesoplenty:mountain,minecraft:mesa_rock,biomesoplenty:woodland,minecraft:jungle,biomesoplenty:shrubland</biomeIds>
			</planet>
		</planet>
		<planet name="Sol-71" DIMID="71">
			<isKnown>false</isKnown>
			<fogColor>1.0,1.0,1.0</fogColor>
			<skyColor>0.29536915,0.68638295,1.0</skyColor>
			<gravitationalMultiplier>130</gravitationalMultiplier>
			<orbitalDistance>159</orbitalDistance>
			<orbitalPhi>-2</orbitalPhi>
			<rotationalPeriod>10923</rotationalPeriod>
			<atmosphereDensity>46</atmosphereDensity>
			<biomeIds>biomesoplenty:kelp_forest,biomesoplenty:mountain_foothills,biomesoplenty:mountain,minecraft:mutated_savanna,biomesoplenty:corrupted_sands</biomeIds>
			<planet name="Sol-71: 0" DIMID="72">
				<isKnown>false</isKnown>
				<fogColor>1.0,1.0,1.0</fogColor>
				<skyColor>0.0,0.99027586,1.0</skyColor>
				<gravitationalMultiplier>63</gravitationalMultiplier>
				<orbitalDistance>200</orbitalDistance>
				<orbitalPhi>0</orbitalPhi>
				<rotationalPeriod>95981</rotationalPeriod>
				<atmosphereDensity>29</atmosphereDensity>
				<biomeIds>minecraft:deep_ocean,biomesoplenty:mountain,biomesoplenty:volcanic_island,minecraft:mushroom_island_shore,minecraft:extreme_hills_with_trees</biomeIds>
			</planet>
			<planet name="Sol-71: 1" DIMID="73">
				<isKnown>false</isKnown>
				<fogColor>1.0,1.0,1.0</fogColor>
				<skyColor>0.31390935,0.5837452,1.0</skyColor>
				<gravitationalMultiplier>52</gravitationalMultiplier>
				<orbitalDistance>124</orbitalDistance>
				<orbitalPhi>-2</orbitalPhi>
				<rotationalPeriod>161206</rotationalPeriod>
				<atmosphereDensity>26</atmosphereDensity>
				<biomeIds>advancedrocketry:oceanspires,biomesoplenty:wetland,biomesoplenty:mountain_foothills,minecraft:mutated_extreme_hills,biomesoplenty:orchard</biomeIds>
			</planet>
			<planet name="Sol-71: 2" DIMID="74">
				<isKnown>false</isKnown>
				<fogColor>1.0,1.0,1.0</fogColor>
				<skyColor>0.50944835,0.5403116,1.0</skyColor>
				<gravitationalMultiplier>41</gravitationalMultiplier>
				<orbitalDistance>104</orbitalDistance>
				<orbitalPhi>-2</orbitalPhi>
				<rotationalPeriod>348224</rotationalPeriod>
				<atmosphereDensity>28</atmosphereDensity>
				<biomeIds>advancedrocketry:crystalchasms</biomeIds>
			</planet>
		</planet>
	</star>
</galaxy>