{"stat.leaveGame":9,"stat.useItem.minecraft.soul_sand":5,"stat.pickup.immersiveengineering.metal_decoration0":1,"stat.swimOneCm":532,"stat.drop.minecraft.coal_block":64,"stat.drop.astralsorcery.itemknowledgeshare":3,"stat.craftItem.astralsorcery.itemwand":1,"stat.useItem.minecraft.stone_slab2":360,"stat.pickup.minecraft.rotten_flesh":3,"stat.drop.botania.storage":2,"stat.pickup.woot.controller":2,"stat.drop.woot.factorycore":1,"stat.pickup.woot.factorycore":1,"stat.craftItem.minecraft.quartz":1,"stat.pickup.moreplates.diamond_plate":1,"stat.aviateOneCm":6521,"stat.flyOneCm":1239273,"stat.timeSinceDeath":519789,"stat.drop.minecraft.diamond":6,"stat.useItem.minecraft.sign":2,"stat.useItem.minecraft.spawn_egg":4,"stat.drop.minecraft.spider_eye":1,"stat.drop.woot.die":1,"stat.craftItem.enderio.item_material":16,"stat.pickup.thermalfoundation.material":1,"stat.furnaceInteraction":8,"stat.useItem.appliedenergistics2.quartz_growth_accelerator":1,"stat.drop.woot.factorybase":1,"stat.pickup.actuallyadditions.item_solidified_experience":3,"stat.pickup.botania.manaresource":29,"stat.useItem.botania.runealtar":1,"stat.pickup.botania.spark":1,"stat.useItem.minecraft.milk_bucket":1,"stat.craftItem.minecraft.stone_slab2":0,"stat.pickup.minecraft.nether_star":1,"stat.sprintOneCm":79844,"stat.useItem.woot.builder":242,"stat.killEntity.Horse":6,"stat.pickup.botania.rune":8,"stat.drop.minecraft.leaves":3,"stat.useItem.botania.twigwand":308,"stat.drop":112,"stat.playOneMinute":519789,"stat.drop.openblocks.imaginary":1,"stat.useItem.minecraft.diamond_ore":1,"stat.pickup.woot.die":1,"stat.killEntity.Zombie":3,"stat.diveOneCm":2446,"stat.pickup.woot.factorybase":1,"stat.drop.immersiveengineering.metal_decoration0":2,"stat.drop.astralsorcery.itemcraftingcomponent":11,"stat.pickup.botania.lens":1,"stat.drop.moreplates.demon_plate":1,"stat.useItem.immersiveengineering.metal_decoration0":1,"stat.jump":925,"stat.drop.minecraft.dye":2,"stat.crouchOneCm":14787,"stat.drop.botania.enderdagger":1,"stat.craftingTableInteraction":3,"stat.drop.minecraft.double_plant":1,"stat.pickup.astralsorcery.blockcustomsandore":3,"stat.pickup.minecraft.leather":2,"stat.useItem.enderio.item_liquid_conduit":1,"stat.damageDealt":4202,"stat.useItem.immersiveengineering.metal_device1":4,"stat.pickup.minecraft.minecart":1,"stat.walkOneCm":110590,"stat.useItem.minecraft.lava_bucket":7,"stat.drop.botanicadds.mana_lapis_block":1,"stat.pickup.minecraft.log":5,"stat.pickup.botania.blacklotus":85,"stat.drop.botania.blacklotus":97,"stat.craftItem.minecraft.gold_ingot":64,"stat.craftItem.astralsorcery.blockaltar":1,"stat.useItem.minecraft.redstone_ore":8,"stat.pickup.minecraft.coal_block":61,"stat.useItem.woot.upgrade":3,"stat.pickup.minecraft.netherbrick":64,"stat.pickup.astralsorcery.itemcraftingcomponent":2,"stat.mobKills":11,"stat.drop.botania.rune":7,"stat.mineBlock.minecraft.log":5,"stat.pickup.minecraft.diamond":3,"stat.mineBlock.minecraft.leaves":1,"stat.drop.botania.livingrock":7,"stat.sneakTime":8858,"stat.useItem.woot.endershard":3,"stat.drop.botania.manaresource":25,"stat.pickup.botania.livingrock":5}