{"stat.pickup.plustic.alumiteingot":1,"stat.leaveGame":10,"stat.pickup.minecraft.record_stal":1,"stat.pickup.forestry.bog_earth":1,"stat.useItem.betterbuilderswands.wandunbreakable":254,"stat.useItem.minecraft.water_bucket":20,"stat.pickup.astralsorcery.blockinfusedwood":1,"stat.useItem.actuallyadditions.block_grinder":1,"stat.pickup.minecraft.name_tag":2,"stat.pickup.actuallyadditions.item_battery_triple":1,"stat.useItem.extrautils2.itemcreativebuilderswand":32,"stat.pickup.artisanworktables.artisans_pliers_iron":1,"stat.drop.actuallyadditions.block_treasure_chest":1,"stat.pickup.forestry.sturdy_machine":1,"stat.hopperInspected":1,"stat.useItem.minecraft.spawn_egg":73,"stat.pickup.rftools.matter_receiver":63,"stat.useItem.immersiveengineering.connector":6,"stat.pickup.thermalfoundation.material":19,"stat.useItem.rftools.matter_booster":2,"stat.pickup.actuallyadditions.item_solidified_experience":36,"stat.pickup.advancedrocketry.productingot":2,"stat.useItem.extracells.walrus":98,"stat.craftItem.actuallyadditions.item_battery":16,"stat.pickup.biomesoplenty.flower_0":4,"stat.pickup.bigreactors.ingotblutonium":1,"stat.pickup.minecraft.skull":2,"stat.pickup.extendedcrafting.material":5,"stat.pickup.actuallyadditions.item_crystal":2,"stat.pickup.botania.rune":1,"stat.useItem.minecraft.flint_and_steel":1,"stat.pickup.bigreactors.ingotcyanite":1,"stat.pickup.bigreactors.ingotludicrite":1,"stat.useItem.botania.twigwand":15,"stat.pickup.minecraft.saddle":1,"stat.deaths":1,"stat.playOneMinute":4561131,"stat.useItem.immersiveengineering.wooden_device0":11,"stat.useItem.immersiveengineering.wooden_device1":6,"stat.pickup.draconicevolution.draconium_ingot":1,"stat.pickup.immersiveengineering.material":21,"stat.pickup.simplyjetpacks.metaitemmods":1,"stat.pickup.minecraft.gold_nugget":81,"stat.fallOneCm":269,"stat.useItem.rftools.matter_receiver":1,"stat.crouchOneCm":37442,"stat.useItem.forestry.fertilizer_compound":16,"stat.useItem.biomesoplenty.plant_0":8,"stat.craftingTableInteraction":54,"stat.drop.chisel.block_coal_coke1":3,"stat.pickup.xreliquary.pedestal_passive":1,"stat.pickup.immersiveengineering.stone_decoration":1,"stat.pickup.minecraft.dye":1,"stat.killEntity.Llama":1,"stat.useItem.draconicevolution.creative_exchanger":33,"stat.pickup.forestry.ffarm":9,"stat.pickup.minecraft.wheat_seeds":11,"stat.pickup.botanicadds.gaiasteel_ingot":1,"stat.pickup.rftools.charged_porter":2,"stat.mineBlock.minecraft.dirt":5860,"stat.useItem.actuallyadditions.item_filling_wand":26,"stat.pickup.minecraft.record_11":1,"stat.pickup.mekanism.ingot":3,"stat.pickup.actuallyadditions.item_jam":28,"stat.pickup.immersiveengineering.seed":5,"stat.pickup.actuallyadditions.block_miner":1,"stat.useItem.ironchest.iron_chest":1,"stat.pickup.botania.terraplate":1,"stat.drop.ironchest.iron_chest":9,"stat.craftItem.actuallyadditions.item_battery_double":2,"stat.pickup.minecraft.log":4,"stat.drop.minecraft.stonebrick":2,"stat.drop.thermalfoundation.storage_resource":3,"stat.pickup.plustic.osmiridiumingot":1,"stat.pickup.minecraft.sapling":239,"stat.pickup.minecraft.apple":2,"stat.useItem.astralsorcery.itemarchitectwand":27,"stat.drop.minecraft.fish":3,"stat.useItem.actuallyadditions.block_player_interface":3,"stat.drop.actuallyadditions.block_miner":1,"stat.useItem.minecraft.stonebrick":169,"stat.pickup.minecraft.red_flower":2,"stat.sneakTime":13066,"stat.pickup.libvulpes.productingot":2,"stat.pickup.plustic.mirioningot":1,"stat.useItem.immersiveengineering.conveyor":11,"stat.pickup.draconicevolution.draconic_ingot":1,"stat.drop.ironchest.diamond_crystal_shulker_upgrade":1,"stat.useItem.minecraft.skull":20,"stat.drop.forestry.ffarm":7,"stat.pickup.immersiveengineering.metal_decoration1":1,"stat.swimOneCm":3444,"stat.drop.astralsorcery.blockaltar":1,"stat.drop.minecraft.cobblestone":1,"stat.useItem.minecraft.dirt":174,"stat.useItem.minecraft.stone_slab2":2288,"stat.pickup.thermalfoundation.ore":1,"stat.useItem.actuallyadditions.block_oil_generator":1,"stat.pickup.rftools.storage_module":2,"stat.pickup.minecraft.cobblestone":84,"stat.useItem.rftools.charged_porter":2,"stat.flyOneCm":3331783,"stat.pickup.minecraft.sandstone":1,"stat.pickup.appliedenergistics2.material":2,"stat.pickup.actuallyadditions.item_booklet":1,"stat.pickup.minecraft.fish":74,"stat.useItem.actuallyadditions.block_battery_box":1,"stat.timeSinceDeath":502530,"stat.drop.minecraft.log":5,"stat.pickup.bigreactors.ingotgraphite":1,"stat.useItem.actuallyadditions.item_pickaxe_crystal_green":46,"stat.useItem.immersivepetroleum.schematic":22,"stat.mineBlock.thermalfoundation.ore":1,"stat.pickup.minecraft.stonebrick":2,"stat.pickup.actuallyadditions.item_battery":7,"stat.pickup.extrautils2.ingredients":3,"stat.pickup.botania.manaresource":4,"stat.useItem.astralsorcery.itemusabledust":4,"stat.pickup.advancedrocketry.misc":1,"stat.sprintOneCm":681902,"stat.pickup.actuallyadditions.item_misc":66,"stat.useItem.extrautils2.drum":2,"stat.pickup.actuallyadditions.block_treasure_chest":1,"stat.useItem.astralsorcery.itemexchangewand":3,"stat.drop":43,"stat.diveOneCm":3749,"stat.useItem.actuallyadditions.block_misc":1,"stat.useItem.immersiveengineering.tool":21,"stat.pickup.minecraft.sign":1,"stat.drop.artisanworktables.artisans_needle_copper":1,"stat.useItem.minecraft.potion":1,"stat.pickup.actuallyadditions.item_battery_quintuple":1,"stat.drop.actuallyadditions.block_giant_chest":1,"stat.useItem.immersiveengineering.metal_decoration1":66,"stat.useItem.immersiveengineering.metal_decoration0":48,"stat.useItem.immersiveengineering.stone_decoration":45,"stat.pickup.minecraft.brick":1,"stat.drop.minecraft.sandstone":1,"stat.jump":6971,"stat.pickup.minecraft.coal":64,"stat.pickup.minecraft.iron_ingot":23,"stat.drop.rftools.storage_module":1,"stat.pickup.avaritia.resource":1,"stat.pickup.botanicadds.elven_altar":6,"stat.pickup.minecraft.gunpowder":20,"stat.pickup.forestry.thermionic_tubes":2,"stat.pickup.woot.stygianironingot":1,"stat.pickup.minecraft.dirt":17,"stat.pickup.minecraft.experience_bottle":10,"stat.pickup.minecraft.diamond_ore":1,"stat.useItem.minecraft.sapling":17,"stat.damageTaken":380,"stat.pickup.minecraft.leather":2,"stat.useItem.avaritia.infinity_hoe":3,"stat.pickup.immersiveengineering.metal":1,"stat.pickup.actuallyadditions.item_battery_double":1,"stat.pickup.tconstruct.ingots":6,"stat.pickup.minecraft.quartz_block":1,"stat.pickup.tconstruct.materials":1,"stat.useItem.immersiveengineering.metal_device0":2,"stat.damageDealt":316,"stat.useItem.immersiveengineering.metal_device1":34,"stat.pickup.botania.dye":4,"stat.useItem.extrautils2.creativeenergy":4,"stat.pickup.forestry.fertilizer_bio":64,"stat.walkOneCm":502714,"stat.pickup.plustic.osgloglasingot":1,"stat.drop.appliedenergistics2.material":1,"stat.useItem.immersiveengineering.sheetmetal":29,"stat.useItem.astralsorcery.itemilluminationwand":1,"stat.drop.actuallyadditions.item_misc":1,"stat.pickup.minecraft.ender_pearl":22,"stat.pickup.minecraft.gold_ingot":15,"stat.pickup.forestry.apatite":64,"stat.pickup.minecraft.record_mall":1,"stat.mineBlock.minecraft.stonebrick":1486,"stat.pickup.minecraft.netherbrick":1,"stat.pickup.astralsorcery.itemcraftingcomponent":1,"stat.mobKills":1,"stat.useItem.astralsorcery.blockaltar":4,"stat.useItem.thermaldynamics.servo":3,"stat.pickup.forestry.chipsets":4,"stat.useItem.extrautils2.playerchest":2,"stat.mineBlock.minecraft.stone":98}