{"stat.pickup.minecraft.rotten_flesh":3,"stat.useItem.bloodarsenal.bound_igniter":2,"stat.pickup.woot.factorybase":1,"stat.useItem.woot.builder":242,"stat.useItem.bloodmagic.blood_rune":14,"stat.walkOneCm":23466,"stat.drop.woot.die":1,"stat.killEntity.Horse":4,"stat.pickup.woot.controller":2,"stat.useItem.woot.upgrade":3,"stat.pickup.thermalfoundation.material":1,"stat.drop.woot.factorycore":1,"stat.pickup.minecraft.leather":2,"stat.pickup.woot.factorycore":1,"stat.furnaceInteraction":4,"stat.useItem.minecraft.soul_sand":5,"stat.useItem.enderio.item_liquid_conduit":1,"stat.mobKills":9,"stat.mineBlock.minecraft.log":5,"stat.drop.woot.factorybase":1,"stat.useItem.bloodarsenal.bound_stick":15,"stat.pickup.actuallyadditions.item_solidified_experience":3,"stat.pickup.minecraft.log":5,"stat.flyOneCm":151129,"stat.drop":3,"stat.jump":105,"stat.mineBlock.minecraft.leaves":1,"stat.playOneMinute":90166,"stat.useItem.bloodarsenal.stasis_axe":6,"stat.sneakTime":2301,"stat.useItem.woot.endershard":3,"stat.pickup.bloodmagic.blood_rune":1,"stat.damageDealt":4172,"stat.crouchOneCm":2404,"stat.pickup.minecraft.nether_star":1,"stat.pickup.woot.die":1,"stat.killEntity.Zombie":3,"stat.timeSinceDeath":90166,"stat.sprintOneCm":5350,"stat.useItem.minecraft.stone_slab2":207,"stat.useItem.minecraft.spawn_egg":4}