{"stat.pickup.immersiveengineering.material":16,"stat.useItem.immersiveengineering.tool":21,"stat.leaveGame":3,"stat.useItem.immersiveengineering.conveyor":11,"stat.useItem.minecraft.skull":20,"stat.drop.forestry.ffarm":7,"stat.drop.artisanworktables.artisans_needle_copper":1,"stat.useItem.minecraft.potion":1,"stat.useItem.immersiveengineering.metal_decoration1":66,"stat.pickup.forestry.bog_earth":1,"stat.useItem.immersiveengineering.metal_decoration0":48,"stat.pickup.immersiveengineering.metal_decoration1":1,"stat.useItem.immersiveengineering.stone_decoration":45,"stat.drop.minecraft.sandstone":1,"stat.jump":544,"stat.swimOneCm":126,"stat.pickup.minecraft.gunpowder":20,"stat.pickup.forestry.thermionic_tubes":2,"stat.crouchOneCm":7471,"stat.useItem.forestry.fertilizer_compound":3,"stat.useItem.minecraft.dirt":174,"stat.pickup.minecraft.dirt":8,"stat.useItem.biomesoplenty.plant_0":7,"stat.useItem.minecraft.stone_slab2":1275,"stat.useItem.betterbuilderswands.wandunbreakable":254,"stat.useItem.minecraft.water_bucket":20,"stat.useItem.minecraft.sapling":11,"stat.damageTaken":60,"stat.pickup.minecraft.leather":2,"stat.useItem.extrautils2.itemcreativebuilderswand":32,"stat.pickup.immersiveengineering.stone_decoration":1,"stat.killEntity.Llama":1,"stat.flyOneCm":784405,"stat.useItem.draconicevolution.creative_exchanger":11,"stat.pickup.minecraft.sandstone":1,"stat.pickup.forestry.ffarm":9,"stat.pickup.minecraft.quartz_block":1,"stat.pickup.minecraft.wheat_seeds":11,"stat.pickup.artisanworktables.artisans_pliers_iron":1,"stat.useItem.enderio.block_buffer":1,"stat.pickup.forestry.sturdy_machine":1,"stat.useItem.immersiveengineering.metal_device0":2,"stat.damageDealt":316,"stat.useItem.immersiveengineering.metal_device1":34,"stat.timeSinceDeath":1401925,"stat.hopperInspected":1,"stat.mineBlock.minecraft.dirt":4010,"stat.useItem.minecraft.spawn_egg":73,"stat.pickup.forestry.fertilizer_bio":64,"stat.walkOneCm":153584,"stat.pickup.immersiveengineering.seed":5,"stat.useItem.enderio.block_cap_bank":1,"stat.useItem.immersivepetroleum.schematic":22,"stat.useItem.immersiveengineering.connector":6,"stat.pickup.thermalfoundation.material":1,"stat.pickup.minecraft.stonebrick":1,"stat.useItem.immersiveengineering.sheetmetal":29,"stat.useItem.extracells.walrus":98,"stat.drop.minecraft.stonebrick":2,"stat.pickup.minecraft.sapling":176,"stat.pickup.minecraft.ender_pearl":16,"stat.sprintOneCm":80400,"stat.pickup.biomesoplenty.flower_0":4,"stat.useItem.extrautils2.drum":2,"stat.pickup.minecraft.apple":1,"stat.pickup.minecraft.skull":2,"stat.pickup.forestry.apatite":64,"stat.useItem.enderio.block_reservoir":4,"stat.mineBlock.minecraft.stonebrick":1486,"stat.useItem.minecraft.flint_and_steel":1,"stat.mobKills":1,"stat.useItem.minecraft.stonebrick":169,"stat.drop":11,"stat.playOneMinute":1401925,"stat.useItem.thermaldynamics.servo":3,"stat.pickup.minecraft.red_flower":2,"stat.useItem.immersiveengineering.wooden_device0":11,"stat.sneakTime":4232,"stat.useItem.immersiveengineering.wooden_device1":5,"stat.pickup.forestry.chipsets":4,"stat.mineBlock.minecraft.stone":7,"stat.diveOneCm":1332}