{"stat.pickup.woot.factorybase":1,"stat.walkOneCm":39921,"stat.drop.woot.die":1,"stat.leaveGame":1,"stat.pickup.thermalfoundation.material":1,"stat.furnaceInteraction":8,"stat.useItem.minecraft.soul_sand":5,"stat.drop.woot.factorybase":1,"stat.pickup.actuallyadditions.item_solidified_experience":3,"stat.pickup.minecraft.log":5,"stat.jump":281,"stat.swimOneCm":216,"stat.craftItem.minecraft.gold_ingot":64,"stat.crouchOneCm":4047,"stat.pickup.minecraft.nether_star":1,"stat.craftItem.astralsorcery.itemwand":1,"stat.sprintOneCm":24022,"stat.useItem.minecraft.stone_slab2":272,"stat.craftItem.astralsorcery.blockaltar":1,"stat.craftingTableInteraction":3,"stat.pickup.minecraft.rotten_flesh":3,"stat.useItem.woot.builder":242,"stat.killEntity.Horse":6,"stat.pickup.woot.controller":2,"stat.useItem.woot.upgrade":3,"stat.pickup.minecraft.netherbrick":64,"stat.drop.woot.factorycore":1,"stat.drop.minecraft.double_plant":1,"stat.pickup.astralsorcery.blockcustomsandore":3,"stat.pickup.minecraft.leather":2,"stat.pickup.woot.factorycore":1,"stat.craftItem.minecraft.quartz":1,"stat.useItem.enderio.item_liquid_conduit":1,"stat.mobKills":11,"stat.useItem.botania.twigwand":4,"stat.mineBlock.minecraft.log":5,"stat.flyOneCm":368665,"stat.drop":4,"stat.mineBlock.minecraft.leaves":1,"stat.playOneMinute":200331,"stat.useItem.minecraft.diamond_ore":1,"stat.sneakTime":3009,"stat.useItem.woot.endershard":3,"stat.damageDealt":4202,"stat.pickup.woot.die":1,"stat.killEntity.Zombie":3,"stat.timeSinceDeath":200331,"stat.useItem.minecraft.spawn_egg":4}