{"stat.leaveGame":5,"stat.useItem.immersiveengineering.conveyor":11,"stat.useItem.minecraft.skull":20,"stat.drop.forestry.ffarm":7,"stat.pickup.forestry.bog_earth":1,"stat.pickup.immersiveengineering.metal_decoration1":1,"stat.swimOneCm":960,"stat.useItem.minecraft.dirt":174,"stat.useItem.minecraft.stone_slab2":1810,"stat.useItem.betterbuilderswands.wandunbreakable":254,"stat.useItem.minecraft.water_bucket":20,"stat.pickup.astralsorcery.blockinfusedwood":1,"stat.useItem.extrautils2.itemcreativebuilderswand":32,"stat.flyOneCm":1635984,"stat.pickup.minecraft.sandstone":1,"stat.pickup.artisanworktables.artisans_pliers_iron":1,"stat.pickup.forestry.sturdy_machine":1,"stat.timeSinceDeath":2201357,"stat.hopperInspected":1,"stat.drop.minecraft.log":5,"stat.useItem.minecraft.spawn_egg":73,"stat.useItem.enderio.block_cap_bank":1,"stat.useItem.immersivepetroleum.schematic":22,"stat.useItem.immersiveengineering.connector":6,"stat.pickup.thermalfoundation.material":2,"stat.pickup.minecraft.stonebrick":1,"stat.useItem.extracells.walrus":98,"stat.useItem.astralsorcery.itemusabledust":4,"stat.sprintOneCm":293403,"stat.pickup.biomesoplenty.flower_0":4,"stat.useItem.extrautils2.drum":2,"stat.pickup.minecraft.skull":2,"stat.useItem.minecraft.flint_and_steel":1,"stat.useItem.botania.twigwand":4,"stat.drop":19,"stat.playOneMinute":2201357,"stat.useItem.immersiveengineering.wooden_device0":11,"stat.useItem.immersiveengineering.wooden_device1":5,"stat.diveOneCm":1795,"stat.pickup.immersiveengineering.material":16,"stat.useItem.immersiveengineering.tool":21,"stat.pickup.minecraft.sign":1,"stat.drop.artisanworktables.artisans_needle_copper":1,"stat.useItem.minecraft.potion":1,"stat.useItem.immersiveengineering.metal_decoration1":66,"stat.useItem.immersiveengineering.metal_decoration0":48,"stat.useItem.immersiveengineering.stone_decoration":45,"stat.drop.minecraft.sandstone":1,"stat.jump":2617,"stat.pickup.minecraft.gunpowder":20,"stat.pickup.forestry.thermionic_tubes":2,"stat.crouchOneCm":13251,"stat.useItem.forestry.fertilizer_compound":3,"stat.pickup.minecraft.dirt":8,"stat.useItem.biomesoplenty.plant_0":8,"stat.pickup.minecraft.diamond_ore":1,"stat.craftingTableInteraction":1,"stat.useItem.minecraft.sapling":11,"stat.damageTaken":60,"stat.pickup.minecraft.leather":2,"stat.pickup.immersiveengineering.stone_decoration":1,"stat.killEntity.Llama":1,"stat.useItem.draconicevolution.creative_exchanger":11,"stat.pickup.forestry.ffarm":9,"stat.pickup.minecraft.quartz_block":1,"stat.pickup.minecraft.wheat_seeds":11,"stat.useItem.enderio.block_buffer":1,"stat.useItem.immersiveengineering.metal_device0":2,"stat.damageDealt":316,"stat.useItem.immersiveengineering.metal_device1":34,"stat.mineBlock.minecraft.dirt":4010,"stat.pickup.forestry.fertilizer_bio":64,"stat.walkOneCm":273664,"stat.pickup.immersiveengineering.seed":5,"stat.useItem.immersiveengineering.sheetmetal":29,"stat.pickup.minecraft.log":4,"stat.drop.minecraft.stonebrick":2,"stat.drop.thermalfoundation.storage_resource":3,"stat.pickup.minecraft.sapling":176,"stat.pickup.minecraft.ender_pearl":16,"stat.pickup.minecraft.apple":1,"stat.pickup.forestry.apatite":64,"stat.useItem.enderio.block_reservoir":4,"stat.mineBlock.minecraft.stonebrick":1486,"stat.mobKills":1,"stat.useItem.minecraft.stonebrick":169,"stat.useItem.astralsorcery.blockaltar":4,"stat.useItem.thermaldynamics.servo":3,"stat.pickup.minecraft.red_flower":2,"stat.sneakTime":6281,"stat.pickup.forestry.chipsets":4,"stat.mineBlock.minecraft.stone":7}